[{"title":"\u7cfb\u7edf\u8bbe\u7f6e","icon":"fa-cubes","children":[{"title":"\u83dc\u5355\u8bbe\u7f6e","icon":"&#xe63c;","href":"sys\/Menu\/index"},{"title":"\u7248\u672c\u63a7\u5236","icon":"&#xe614;","href":"sys\/Version\/index"}]},{"title":"\u4ed3\u5e93\u7ba1\u7406","icon":"fa-home"},{"title":"\u5546\u54c1\u7ba1\u7406","icon":"fa-cube"},{"title":"\u5e73\u53f0\u5e97\u94fa","icon":"&#xe886;"},{"title":"\u7c7b\u76ee\u7ba1\u7406","icon":"&#xe62a;"},{"title":"\u5ba2\u6237\u7ba1\u7406","icon":"&#xe857;"},{"title":"\u5355\u636e\u7ba1\u7406","icon":"&#xe857;"},{"title":"\u62a5\u8868\u7ba1\u7406","icon":"&#xe857;"},{"title":"\u4e2a\u4eba\u4e2d\u5fc3","icon":"&#xe857;"},{"title":"\u6587\u6863\u4e2d\u5fc3","icon":"&#xe7a0;"}]